,id,date,price,bedrooms,bathrooms,sqft_living,sqft_lot,floors,waterfront,view,condition,grade,sqft_above,sqft_basement,yr_built,yr_renovated,zipcode,lat,long,sqft_living15,sqft_lot15,sqft_price,city,state_id,state_name,county_name,view_average,condition_average,grade_average,sqft_price_average,view_std,condition_std,grade_std,sqft_price_std,view_zscore,condition_zscore,grade_zscore,sqft_price_zscore,quality_zscore,zscore_delta
18848,7631800110,2014-09-18,380000.0,3,2.5,1980,17342,2.0,1,4,3,10,1580,400,2014-09-18,2014-09-18,98166,47.4551,-122.373,2060,17313,191.91919191919192,Seattle,WA,Washington,King,2.292682926829268,3.591463414634146,8.103658536585366,294.8672515910643,0.8997314511141069,0.7332089683653196,0.795839661064337,74.12388765091052,1.897585186175963,-0.8066778233125089,2.382818494969844,-1.3888648171924074,3.473725857833298,4.8625906750257055
15401,3999300290,2014-10-16,850000.0,3,3.5,2620,11148,2.0,0,4,4,9,2060,560,2014-10-16,2014-10-16,98008,47.5845,-122.115,2590,10796,324.42748091603056,Bellevue,WA,Washington,King,2.292682926829268,3.591463414634146,8.103658536585366,294.8672515910643,0.8997314511141069,0.7332089683653196,0.795839661064337,74.12388765091052,1.897585186175963,0.5571898367210116,1.1262839831529488,0.39879491297301306,3.5810590060499234,3.1822640930769106
294,9297300045,2014-07-09,550000.0,3,2.0,1970,4166,2.0,0,3,5,8,1270,700,2014-07-09,2014-07-09,98126,47.5717,-122.375,2390,4166,279.18781725888323,Seattle,WA,Washington,King,2.292682926829268,3.591463414634146,8.103658536585366,294.8672515910643,0.8997314511141069,0.7332089683653196,0.795839661064337,74.12388765091052,0.7861424342728991,1.9210574967545322,-0.1302505286639463,-0.21153011301868047,2.576949402363485,2.7884795153821655
16222,2045800006,2014-09-04,439000.0,3,2.25,2230,4551,1.5,0,2,5,8,1450,780,2014-09-04,2014-09-04,98178,47.5078,-122.236,2060,7200,196.8609865470852,Seattle,WA,Washington,King,2.292682926829268,3.591463414634146,8.103658536585366,294.8672515910643,0.8997314511141069,0.7332089683653196,0.795839661064337,74.12388765091052,-0.32530031763016487,1.9210574967545322,-0.1302505286639463,-1.3221954237686997,1.4655066504604208,2.7877020742291205
13648,5072200040,2014-05-02,403000.0,3,2.0,1960,13100,1.0,0,2,5,8,1650,310,2014-05-02,2014-05-02,98166,47.4419,-122.34,1960,10518,205.6122448979592,Seattle,WA,Washington,King,2.292682926829268,3.591463414634146,8.103658536585366,294.8672515910643,0.8997314511141069,0.7332089683653196,0.795839661064337,74.12388765091052,-0.32530031763016487,1.9210574967545322,-0.1302505286639463,-1.2041328311522896,1.4655066504604208,2.6696394816127107
13348,9285800330,2014-07-02,732000.0,3,3.75,2670,6517,2.5,0,4,4,8,2020,650,2014-07-02,2014-07-02,98126,47.5702,-122.38,2010,6073,274.1573033707865,Seattle,WA,Washington,King,2.292682926829268,3.591463414634146,8.103658536585366,294.8672515910643,0.8997314511141069,0.7332089683653196,0.795839661064337,74.12388765091052,1.897585186175963,0.5571898367210116,-0.1302505286639463,-0.2793964115564492,2.3245244942330285,2.6039209057894777
11844,2623039082,2015-02-18,770000.0,3,3.5,2050,21744,2.0,1,4,4,9,1750,300,2015-02-18,2015-02-18,98166,47.4536,-122.376,2300,12200,375.609756097561,Seattle,WA,Washington,King,2.292682926829268,3.591463414634146,8.103658536585366,294.8672515910643,0.8997314511141069,0.7332089683653196,0.795839661064337,74.12388765091052,1.897585186175963,0.5571898367210116,1.1262839831529488,1.089291280656471,3.5810590060499234,2.4917677253934523
4315,1376800025,2014-09-08,834500.0,3,2.25,2780,6000,1.0,0,3,4,9,1670,1110,2014-09-08,2014-09-08,98199,47.6442,-122.406,2780,6000,300.1798561151079,Seattle,WA,Washington,King,2.292682926829268,3.591463414634146,8.103658536585366,294.8672515910643,0.8997314511141069,0.7332089683653196,0.795839661064337,74.12388765091052,0.7861424342728991,0.5571898367210116,1.1262839831529488,0.07167196287738604,2.4696162541468594,2.3979442912694733
14582,7203600530,2014-05-29,525000.0,3,3.0,2600,5238,1.5,0,3,3,9,1890,710,2014-05-29,2014-05-29,98198,47.3448,-122.327,2220,4853,201.92307692307693,Seattle,WA,Washington,King,2.292682926829268,3.591463414634146,8.103658536585366,294.8672515910643,0.8997314511141069,0.7332089683653196,0.795839661064337,74.12388765091052,0.7861424342728991,-0.8066778233125089,1.1262839831529488,-1.2539031291196134,1.105748594113339,2.359651723232952
2528,4477000270,2014-08-22,565000.0,3,2.0,2730,15677,2.5,0,3,3,9,2730,0,2014-08-22,2014-08-22,98166,47.4612,-122.365,2040,12209,206.95970695970695,Seattle,WA,Washington,King,2.292682926829268,3.591463414634146,8.103658536585366,294.8672515910643,0.8997314511141069,0.7332089683653196,0.795839661064337,74.12388765091052,0.7861424342728991,-0.8066778233125089,1.1262839831529488,-1.185954318064934,1.105748594113339,2.291702912178273
10382,579002220,2014-08-27,808000.0,3,2.5,2550,6240,1.0,0,3,5,8,1750,800,2014-08-27,2014-08-27,98117,47.6992,-122.387,2180,5200,316.8627450980392,Seattle,WA,Washington,King,2.292682926829268,3.591463414634146,8.103658536585366,294.8672515910643,0.8997314511141069,0.7332089683653196,0.795839661064337,74.12388765091052,0.7861424342728991,1.9210574967545322,-0.1302505286639463,0.29673960991581555,2.576949402363485,2.2802097924476694
12935,3222049044,2014-06-12,835000.0,3,3.0,2790,12523,2.0,1,4,4,8,1600,1190,2014-06-12,2014-06-12,98198,47.3571,-122.324,2990,11476,299.2831541218638,Seattle,WA,Washington,King,2.292682926829268,3.591463414634146,8.103658536585366,294.8672515910643,0.8997314511141069,0.7332089683653196,0.795839661064337,74.12388765091052,1.897585186175963,0.5571898367210116,-0.1302505286639463,0.05957462122867002,2.3245244942330285,2.2649498730043587
17474,6329000185,2015-03-29,540000.0,3,2.5,2600,23361,1.5,1,4,3,8,2150,450,2015-03-29,2015-03-29,98146,47.4997,-122.379,1700,14700,207.69230769230768,Seattle,WA,Washington,King,2.292682926829268,3.591463414634146,8.103658536585366,294.8672515910643,0.8997314511141069,0.7332089683653196,0.795839661064337,74.12388765091052,1.897585186175963,-0.8066778233125089,-0.1302505286639463,-1.1760708546387986,0.9606568341995078,2.1367276888383064
1755,7784400060,2015-01-02,545000.0,3,2.5,2370,9000,1.0,0,3,4,8,1570,800,2015-01-02,2015-01-02,98146,47.4922,-122.365,2120,9500,229.957805907173,Seattle,WA,Washington,King,2.292682926829268,3.591463414634146,8.103658536585366,294.8672515910643,0.8997314511141069,0.7332089683653196,0.795839661064337,74.12388765091052,0.7861424342728991,0.5571898367210116,-0.1302505286639463,-0.8756886307634726,1.2130817423299642,2.088770373093437
10995,2162000260,2014-08-27,699000.0,3,2.5,2740,18455,2.0,0,1,4,10,1510,1230,2014-08-27,2014-08-27,98040,47.5585,-122.215,2840,16438,255.1094890510949,Mercer Island,WA,Washington,King,2.292682926829268,3.591463414634146,8.103658536585366,294.8672515910643,0.8997314511141069,0.7332089683653196,0.795839661064337,74.12388765091052,-1.4367430695332288,0.5571898367210116,2.382818494969844,-0.5363690950373544,1.503265262157627,2.0396343571949815
12297,3224500240,2014-06-17,950000.0,3,2.75,2750,18029,1.0,0,2,5,9,1810,940,2014-06-17,2014-06-17,98006,47.5617,-122.134,2850,10021,345.45454545454544,Bellevue,WA,Washington,King,2.292682926829268,3.591463414634146,8.103658536585366,294.8672515910643,0.8997314511141069,0.7332089683653196,0.795839661064337,74.12388765091052,-0.32530031763016487,1.9210574967545322,1.1262839831529488,0.6824695178121805,2.722041162277316,2.0395716444651355
17431,5592900020,2014-12-02,410000.0,3,3.25,2650,7819,1.0,0,2,4,8,1760,890,2014-12-02,2014-12-02,98056,47.4821,-122.192,2400,7727,154.71698113207546,Renton,WA,Washington,King,2.292682926829268,3.591463414634146,8.103658536585366,294.8672515910643,0.8997314511141069,0.7332089683653196,0.795839661064337,74.12388765091052,-0.32530031763016487,0.5571898367210116,-0.1302505286639463,-1.8907571486135788,0.10163899042690047,1.9923961390404792
11028,7922900030,2014-10-03,851000.0,3,2.75,2660,10350,1.0,0,4,4,8,1330,1330,2014-10-03,2014-10-03,98008,47.5868,-122.116,2820,10043,319.9248120300752,Bellevue,WA,Washington,King,2.292682926829268,3.591463414634146,8.103658536585366,294.8672515910643,0.8997314511141069,0.7332089683653196,0.795839661064337,74.12388765091052,1.897585186175963,0.5571898367210116,-0.1302505286639463,0.33804973313084313,2.3245244942330285,1.9864747611021853
8504,7987401095,2014-11-13,549950.0,3,2.5,2380,2500,3.0,0,3,3,9,2380,0,2014-11-13,2014-11-13,98126,47.5734,-122.375,2270,5000,231.07142857142858,Seattle,WA,Washington,King,2.292682926829268,3.591463414634146,8.103658536585366,294.8672515910643,0.8997314511141069,0.7332089683653196,0.795839661064337,74.12388765091052,0.7861424342728991,-0.8066778233125089,1.1262839831529488,-0.8606648280522571,1.105748594113339,1.966413422165596
8196,6908200650,2014-05-27,732000.0,3,2.5,2330,1987,2.0,0,4,3,9,1410,920,2014-05-27,2014-05-27,98107,47.6735,-122.405,2640,5250,314.16309012875536,Seattle,WA,Washington,King,2.292682926829268,3.591463414634146,8.103658536585366,294.8672515910643,0.8997314511141069,0.7332089683653196,0.795839661064337,74.12388765091052,1.897585186175963,-0.8066778233125089,1.1262839831529488,0.2603187602431971,2.2171913460164028,1.9568725857732057
4429,2011400583,2014-06-06,402000.0,3,2.5,2700,9994,1.0,0,3,4,7,1350,1350,2014-06-06,2014-06-06,98198,47.397,-122.321,2470,10664,148.88888888888889,Seattle,WA,Washington,King,2.292682926829268,3.591463414634146,8.103658536585366,294.8672515910643,0.8997314511141069,0.7332089683653196,0.795839661064337,74.12388765091052,0.7861424342728991,0.5571898367210116,-1.3867850404808415,-1.969383518976588,-0.04345276948693089,1.9259307494896571
15431,7855300460,2014-09-23,1000000.0,3,2.75,2370,8900,1.0,0,4,4,9,1670,700,2014-09-23,2014-09-23,98006,47.5648,-122.156,2840,8956,421.9409282700422,Bellevue,WA,Washington,King,2.292682926829268,3.591463414634146,8.103658536585366,294.8672515910643,0.8997314511141069,0.7332089683653196,0.795839661064337,74.12388765091052,1.897585186175963,0.5571898367210116,1.1262839831529488,1.7143417689778575,3.5810590060499234,1.866717237072066
15554,7893800250,2015-04-03,348000.0,3,2.5,2370,7500,1.0,0,3,3,8,1620,750,2015-04-03,2015-04-03,98198,47.4091,-122.331,1960,8062,146.83544303797467,Seattle,WA,Washington,King,2.292682926829268,3.591463414634146,8.103658536585366,294.8672515910643,0.8997314511141069,0.7332089683653196,0.795839661064337,74.12388765091052,0.7861424342728991,-0.8066778233125089,-0.1302505286639463,-1.9970864082338948,-0.15078591770355612,1.8463004905303386
14424,3543900418,2014-05-15,580050.0,3,2.5,2360,4638,2.0,0,3,3,9,2360,0,2014-05-15,2014-05-15,98115,47.6837,-122.321,1620,4638,245.78389830508473,Seattle,WA,Washington,King,2.292682926829268,3.591463414634146,8.103658536585366,294.8672515910643,0.8997314511141069,0.7332089683653196,0.795839661064337,74.12388765091052,0.7861424342728991,-0.8066778233125089,1.1262839831529488,-0.6621799644014846,1.105748594113339,1.7679285585148237
6951,3123049142,2014-08-05,452000.0,3,2.25,2600,14810,1.0,0,2,4,8,1490,1110,2014-08-05,2014-08-05,98166,47.4326,-122.341,2450,16715,173.84615384615384,Seattle,WA,Washington,King,2.292682926829268,3.591463414634146,8.103658536585366,294.8672515910643,0.8997314511141069,0.7332089683653196,0.795839661064337,74.12388765091052,-0.32530031763016487,0.5571898367210116,-0.1302505286639463,-1.6326868649262472,0.10163899042690047,1.7343258553531475
11556,2013802030,2014-09-11,357000.0,3,2.0,2460,53882,1.0,1,4,3,7,2460,0,2014-09-11,2014-09-11,98198,47.3811,-122.325,2660,32625,145.1219512195122,Seattle,WA,Washington,King,2.292682926829268,3.591463414634146,8.103658536585366,294.8672515910643,0.8997314511141069,0.7332089683653196,0.795839661064337,74.12388765091052,1.897585186175963,-0.8066778233125089,-1.3867850404808415,-2.0202030022599966,-0.2958776776173875,1.7243253246426091
10252,3342100160,2014-10-09,510000.0,3,3.0,1845,5100,2.0,0,2,5,8,1845,0,2014-10-09,2014-10-09,98056,47.5204,-122.208,2100,7650,276.4227642276423,Renton,WA,Washington,King,2.292682926829268,3.591463414634146,8.103658536585366,294.8672515910643,0.8997314511141069,0.7332089683653196,0.795839661064337,74.12388765091052,-0.32530031763016487,1.9210574967545322,-0.1302505286639463,-0.24883324320881658,1.4655066504604208,1.7143398936692373
12901,9808630120,2015-01-08,770000.0,3,2.5,2190,2658,2.0,0,3,4,9,2190,0,2015-01-08,2015-01-08,98033,47.6528,-122.203,2315,2538,351.5981735159817,Kirkland,WA,Washington,King,2.292682926829268,3.591463414634146,8.103658536585366,294.8672515910643,0.8997314511141069,0.7332089683653196,0.795839661064337,74.12388765091052,0.7861424342728991,0.5571898367210116,1.1262839831529488,0.7653527590470433,2.4696162541468594,1.7042634950998161
17064,3013300660,2014-10-28,550000.0,3,2.25,2090,8095,2.0,0,2,3,10,2090,0,2014-10-28,2014-10-28,98136,47.5287,-122.385,1940,5635,263.1578947368421,Seattle,WA,Washington,King,2.292682926829268,3.591463414634146,8.103658536585366,294.8672515910643,0.8997314511141069,0.7332089683653196,0.795839661064337,74.12388765091052,-0.32530031763016487,-0.8066778233125089,2.382818494969844,-0.4277886368232429,1.2508403540271704,1.6786289908504133
18248,9388100015,2014-11-19,740000.0,3,2.5,2710,18480,2.0,0,2,3,10,2000,710,2014-11-19,2014-11-19,98034,47.7256,-122.259,2710,18077,273.0627306273063,Kirkland,WA,Washington,King,2.292682926829268,3.591463414634146,8.103658536585366,294.8672515910643,0.8997314511141069,0.7332089683653196,0.795839661064337,74.12388765091052,-0.32530031763016487,-0.8066778233125089,2.382818494969844,-0.29416321316614297,1.2508403540271704,1.5450035671933133
5125,3741600020,2014-09-15,540000.0,3,2.25,2100,20018,1.0,0,4,3,8,1470,630,2014-09-15,2014-09-15,98166,47.4544,-122.366,2410,17196,257.14285714285717,Seattle,WA,Washington,King,2.292682926829268,3.591463414634146,8.103658536585366,294.8672515910643,0.8997314511141069,0.7332089683653196,0.795839661064337,74.12388765091052,1.897585186175963,-0.8066778233125089,-0.1302505286639463,-0.5089370733746685,0.9606568341995078,1.4695939075741764
3347,464000600,2014-08-27,641250.0,3,2.5,2220,2550,3.0,0,2,3,10,2220,0,2014-08-27,2014-08-27,98117,47.6963,-122.393,2200,5610,288.85135135135135,Seattle,WA,Washington,King,2.292682926829268,3.591463414634146,8.103658536585366,294.8672515910643,0.8997314511141069,0.7332089683653196,0.795839661064337,74.12388765091052,-0.32530031763016487,-0.8066778233125089,2.382818494969844,-0.08116007444246687,1.2508403540271704,1.3320004284696374
6558,56000095,2014-06-26,805000.0,3,2.75,2600,5875,1.5,0,2,5,8,1600,1000,2014-06-26,2014-06-26,98116,47.5773,-122.406,2260,5492,309.61538461538464,Seattle,WA,Washington,King,2.292682926829268,3.591463414634146,8.103658536585366,294.8672515910643,0.8997314511141069,0.7332089683653196,0.795839661064337,74.12388765091052,-0.32530031763016487,1.9210574967545322,-0.1302505286639463,0.19896599452226893,1.4655066504604208,1.2665406559381518
11269,6909700340,2014-08-02,619000.0,3,2.0,1990,3000,1.5,0,2,5,8,1430,560,2014-08-02,2014-08-02,98144,47.5891,-122.293,1780,5000,311.05527638190955,Seattle,WA,Washington,King,2.292682926829268,3.591463414634146,8.103658536585366,294.8672515910643,0.8997314511141069,0.7332089683653196,0.795839661064337,74.12388765091052,-0.32530031763016487,1.9210574967545322,-0.1302505286639463,0.21839147006270654,1.4655066504604208,1.2471151803977143
15322,3585900305,2014-10-03,999000.0,3,2.5,2710,23292,1.0,0,4,3,9,2080,630,2014-10-03,2014-10-03,98177,47.7608,-122.374,2430,20000,368.6346863468635,Seattle,WA,Washington,King,2.292682926829268,3.591463414634146,8.103658536585366,294.8672515910643,0.8997314511141069,0.7332089683653196,0.795839661064337,74.12388765091052,1.897585186175963,-0.8066778233125089,1.1262839831529488,0.9951911198075568,2.2171913460164028,1.2220002262088459
8586,4055701110,2014-06-12,795000.0,3,2.0,2420,17859,1.0,0,1,5,9,1500,920,2014-06-12,2014-06-12,98034,47.7074,-122.246,2955,17859,328.5123966942149,Kirkland,WA,Washington,King,2.292682926829268,3.591463414634146,8.103658536585366,294.8672515910643,0.8997314511141069,0.7332089683653196,0.795839661064337,74.12388765091052,-1.4367430695332288,1.9210574967545322,1.1262839831529488,0.45390421589331326,1.610598410374252,1.1566941944809388
60,1516000055,2014-12-01,650000.0,3,2.25,2150,21235,1.0,0,3,4,8,1590,560,2014-12-01,2014-12-01,98166,47.4336,-122.339,2570,18900,302.3255813953488,Seattle,WA,Washington,King,2.292682926829268,3.591463414634146,8.103658536585366,294.8672515910643,0.8997314511141069,0.7332089683653196,0.795839661064337,74.12388765091052,0.7861424342728991,0.5571898367210116,-0.1302505286639463,0.10061978723255621,1.2130817423299642,1.112461955097408
17287,1250201640,2014-05-07,775000.0,3,2.0,2540,7200,1.5,0,3,4,8,1600,940,2014-05-07,2014-05-07,98144,47.5972,-122.292,2040,5900,305.11811023622045,Seattle,WA,Washington,King,2.292682926829268,3.591463414634146,8.103658536585366,294.8672515910643,0.8997314511141069,0.7332089683653196,0.795839661064337,74.12388765091052,0.7861424342728991,0.5571898367210116,-0.1302505286639463,0.13829359158053042,1.2130817423299642,1.074788150749434
2768,3756100160,2014-09-23,678000.0,3,2.75,2770,10000,1.0,0,1,5,8,1640,1130,2014-09-23,2014-09-23,98033,47.7011,-122.206,2450,10000,244.76534296028882,Kirkland,WA,Washington,King,2.292682926829268,3.591463414634146,8.103658536585366,294.8672515910643,0.8997314511141069,0.7332089683653196,0.795839661064337,74.12388765091052,-1.4367430695332288,1.9210574967545322,-0.1302505286639463,-0.6759212207909611,0.3540638985573571,1.0299851193483183
14155,1722049154,2014-07-07,538250.0,3,2.25,2590,15229,2.0,0,3,3,8,2590,0,2014-07-07,2014-07-07,98198,47.3948,-122.325,2590,15229,207.81853281853282,Seattle,WA,Washington,King,2.292682926829268,3.591463414634146,8.103658536585366,294.8672515910643,0.8997314511141069,0.7332089683653196,0.795839661064337,74.12388765091052,0.7861424342728991,-0.8066778233125089,-0.1302505286639463,-1.1743679606025388,-0.15078591770355612,1.0235820428989826
6887,7129301578,2014-05-21,495000.0,3,3.5,2380,6250,2.0,0,3,3,8,1670,710,2014-05-21,2014-05-21,98118,47.5137,-122.252,2540,4010,207.98319327731093,Seattle,WA,Washington,King,2.292682926829268,3.591463414634146,8.103658536585366,294.8672515910643,0.8997314511141069,0.7332089683653196,0.795839661064337,74.12388765091052,0.7861424342728991,-0.8066778233125089,-0.1302505286639463,-1.172146538278421,-0.15078591770355612,1.0213606205748649
9195,7935000625,2015-04-09,975000.0,3,2.5,2530,7000,2.5,0,4,3,9,2530,0,2015-04-09,2015-04-09,98136,47.5465,-122.398,2380,7000,385.37549407114625,Seattle,WA,Washington,King,2.292682926829268,3.591463414634146,8.103658536585366,294.8672515910643,0.8997314511141069,0.7332089683653196,0.795839661064337,74.12388765091052,1.897585186175963,-0.8066778233125089,1.1262839831529488,1.2210401443908907,2.2171913460164028,0.9961512016255121
15734,6758700050,2015-04-01,812000.0,3,2.0,1970,3420,2.0,0,3,5,8,1970,0,2015-04-01,2015-04-01,98103,47.6762,-122.354,1770,3420,412.1827411167513,Seattle,WA,Washington,King,2.292682926829268,3.591463414634146,8.103658536585366,294.8672515910643,0.8997314511141069,0.7332089683653196,0.795839661064337,74.12388765091052,0.7861424342728991,1.9210574967545322,-0.1302505286639463,1.582694772813173,2.576949402363485,0.9942546295503121
4576,7203600750,2015-04-27,421000.0,3,2.5,1930,4505,1.0,0,3,4,7,1440,490,2015-04-27,2015-04-27,98198,47.3459,-122.326,1550,4505,218.13471502590673,Seattle,WA,Washington,King,2.292682926829268,3.591463414634146,8.103658536585366,294.8672515910643,0.8997314511141069,0.7332089683653196,0.795839661064337,74.12388765091052,0.7861424342728991,0.5571898367210116,-1.3867850404808415,-1.035193093575078,-0.04345276948693089,0.991740324088147
18001,4036400110,2015-01-29,300000.0,3,2.75,2340,12282,1.0,0,2,3,8,1470,870,2015-01-29,2015-01-29,98155,47.7379,-122.289,2640,8887,128.2051282051282,Seattle,WA,Washington,King,2.292682926829268,3.591463414634146,8.103658536585366,294.8672515910643,0.8997314511141069,0.7332089683653196,0.795839661064337,74.12388765091052,-0.32530031763016487,-0.8066778233125089,-0.1302505286639463,-2.2484266363744734,-1.26222866960662,0.9861979667678533
5180,9285800275,2014-08-14,835000.0,3,2.25,2520,6690,2.0,0,2,5,8,1700,820,2014-08-14,2014-08-14,98126,47.5705,-122.381,1990,5792,331.3492063492063,Seattle,WA,Washington,King,2.292682926829268,3.591463414634146,8.103658536585366,294.8672515910643,0.8997314511141069,0.7332089683653196,0.795839661064337,74.12388765091052,-0.32530031763016487,1.9210574967545322,-0.1302505286639463,0.49217540949761407,1.4655066504604208,0.9733312409628068
18651,2024059059,2014-10-01,693000.0,3,2.25,2090,45535,1.0,0,2,5,8,1280,810,2014-10-01,2014-10-01,98006,47.5538,-122.191,3090,12889,331.57894736842104,Bellevue,WA,Washington,King,2.292682926829268,3.591463414634146,8.103658536585366,294.8672515910643,0.8997314511141069,0.7332089683653196,0.795839661064337,74.12388765091052,-0.32530031763016487,1.9210574967545322,-0.1302505286639463,0.4952748289492312,1.4655066504604208,0.9702318215111896
16438,1102000759,2014-10-26,755000.0,3,2.5,2420,8856,1.0,0,3,3,9,1620,800,2014-10-26,2014-10-26,98118,47.5405,-122.263,2650,9750,311.9834710743802,Seattle,WA,Washington,King,2.292682926829268,3.591463414634146,8.103658536585366,294.8672515910643,0.8997314511141069,0.7332089683653196,0.795839661064337,74.12388765091052,0.7861424342728991,-0.8066778233125089,1.1262839831529488,0.23091367743588173,1.105748594113339,0.8748349166774572
18097,1455600062,2014-10-21,689000.0,3,2.5,2080,9612,1.0,0,3,4,8,1700,380,2014-10-21,2014-10-21,98125,47.7293,-122.283,2560,10202,331.25,Seattle,WA,Washington,King,2.292682926829268,3.591463414634146,8.103658536585366,294.8672515910643,0.8997314511141069,0.7332089683653196,0.795839661064337,74.12388765091052,0.7861424342728991,0.5571898367210116,-0.1302505286639463,0.49083702382532524,1.2130817423299642,0.722244718504639
6872,7558300170,2014-12-12,439000.0,3,2.25,1830,13477,1.0,0,3,4,7,1170,660,2014-12-12,2014-12-12,98034,47.7243,-122.21,1960,11344,239.89071038251367,Kirkland,WA,Washington,King,2.292682926829268,3.591463414634146,8.103658536585366,294.8672515910643,0.8997314511141069,0.7332089683653196,0.795839661064337,74.12388765091052,0.7861424342728991,0.5571898367210116,-1.3867850404808415,-0.7416845358606243,-0.04345276948693089,0.6982317663736934
3771,3222049112,2015-05-07,449900.0,3,2.5,2780,8225,2.0,0,1,3,9,2780,0,2015-05-07,2015-05-07,98198,47.3509,-122.323,720,9736,161.83453237410072,Seattle,WA,Washington,King,2.292682926829268,3.591463414634146,8.103658536585366,294.8672515910643,0.8997314511141069,0.7332089683653196,0.795839661064337,74.12388765091052,-1.4367430695332288,-0.8066778233125089,1.1262839831529488,-1.7947347802841456,-1.117136909692789,0.6775978705913566
12929,4321200970,2014-06-01,555000.0,3,2.0,2180,4976,1.5,0,2,4,8,1680,500,2014-06-01,2014-06-01,98126,47.573,-122.38,1850,5000,254.58715596330276,Seattle,WA,Washington,King,2.292682926829268,3.591463414634146,8.103658536585366,294.8672515910643,0.8997314511141069,0.7332089683653196,0.795839661064337,74.12388765091052,-0.32530031763016487,0.5571898367210116,-0.1302505286639463,-0.543415852895659,0.10163899042690047,0.6450548433225595
18009,7203600745,2014-10-14,550000.0,3,2.75,2330,4780,2.0,0,3,3,8,1730,600,2014-10-14,2014-10-14,98198,47.3459,-122.326,1100,5336,236.05150214592274,Seattle,WA,Washington,King,2.292682926829268,3.591463414634146,8.103658536585366,294.8672515910643,0.8997314511141069,0.7332089683653196,0.795839661064337,74.12388765091052,0.7861424342728991,-0.8066778233125089,-0.1302505286639463,-0.7934790161322453,-0.15078591770355612,0.6426930984286892
16622,930000470,2014-05-27,675000.0,3,2.5,2540,7680,2.0,0,1,4,9,2540,0,2014-05-27,2014-05-27,98177,47.7175,-122.364,2490,7680,265.748031496063,Seattle,WA,Washington,King,2.292682926829268,3.591463414634146,8.103658536585366,294.8672515910643,0.8997314511141069,0.7332089683653196,0.795839661064337,74.12388765091052,-1.4367430695332288,0.5571898367210116,1.1262839831529488,-0.3928452893909109,0.24673075034073155,0.6395760397316425
3170,6117500785,2014-07-22,590000.0,3,2.25,2300,12430,1.0,0,2,4,8,1580,720,2014-07-22,2014-07-22,98166,47.435,-122.347,2500,12430,256.5217391304348,Seattle,WA,Washington,King,2.292682926829268,3.591463414634146,8.103658536585366,294.8672515910643,0.8997314511141069,0.7332089683653196,0.795839661064337,74.12388765091052,-0.32530031763016487,0.5571898367210116,-0.1302505286639463,-0.5173165314968267,0.10163899042690047,0.6189555219237272
18958,7893800534,2014-11-24,394250.0,3,2.0,2620,10107,1.0,0,3,3,7,2620,0,2014-11-24,2014-11-24,98198,47.4096,-122.329,1730,7812,150.4770992366412,Seattle,WA,Washington,King,2.292682926829268,3.591463414634146,8.103658536585366,294.8672515910643,0.8997314511141069,0.7332089683653196,0.795839661064337,74.12388765091052,0.7861424342728991,-0.8066778233125089,-1.3867850404808415,-1.9479570881985362,-1.4073204295204513,0.5406366586780849
15387,3342700491,2014-08-14,679000.0,3,2.5,2770,9350,2.0,0,3,3,8,2770,0,2014-08-14,2014-08-14,98056,47.5253,-122.201,2660,9695,245.1263537906137,Renton,WA,Washington,King,2.292682926829268,3.591463414634146,8.103658536585366,294.8672515910643,0.8997314511141069,0.7332089683653196,0.795839661064337,74.12388765091052,0.7861424342728991,-0.8066778233125089,-0.1302505286639463,-0.6710508498246529,-0.15078591770355612,0.5202649321210968
11487,1953400570,2015-03-24,339000.0,3,2.0,1979,8470,1.0,0,2,4,7,1329,650,2015-03-24,2015-03-24,98198,47.3912,-122.301,1650,8591,171.29863567458312,Seattle,WA,Washington,King,2.292682926829268,3.591463414634146,8.103658536585366,294.8672515910643,0.8997314511141069,0.7332089683653196,0.795839661064337,74.12388765091052,-0.32530031763016487,0.5571898367210116,-1.3867850404808415,-1.6670552480791703,-1.1548955213899947,0.5121597266891755
18844,3303900090,2014-10-23,898000.0,3,2.25,2650,12845,1.0,0,3,3,9,1770,880,2014-10-23,2014-10-23,98034,47.7209,-122.256,2650,12902,338.8679245283019,Kirkland,WA,Washington,King,2.292682926829268,3.591463414634146,8.103658536585366,294.8672515910643,0.8997314511141069,0.7332089683653196,0.795839661064337,74.12388765091052,0.7861424342728991,-0.8066778233125089,1.1262839831529488,0.5936098919212193,1.105748594113339,0.5121387021921197
6946,7997200130,2015-01-28,649950.0,3,2.5,2420,7500,1.0,0,2,4,8,1210,1210,2015-01-28,2015-01-28,98117,47.6949,-122.389,2340,7500,268.57438016528926,Seattle,WA,Washington,King,2.292682926829268,3.591463414634146,8.103658536585366,294.8672515910643,0.8997314511141069,0.7332089683653196,0.795839661064337,74.12388765091052,-0.32530031763016487,0.5571898367210116,-0.1302505286639463,-0.3547152241879487,0.10163899042690047,0.45635421461484915
17952,272000945,2015-03-25,826000.0,3,3.25,2330,4000,1.0,0,2,3,10,1730,600,2015-03-25,2015-03-25,98144,47.5882,-122.295,2080,4000,354.50643776824035,Seattle,WA,Washington,King,2.292682926829268,3.591463414634146,8.103658536585366,294.8672515910643,0.8997314511141069,0.7332089683653196,0.795839661064337,74.12388765091052,-0.32530031763016487,-0.8066778233125089,2.382818494969844,0.8045879414480961,1.2508403540271704,0.44625241257907433
13513,9808640040,2015-03-06,850000.0,3,2.5,2340,1919,2.0,0,2,4,9,2340,0,2015-03-06,2015-03-06,98033,47.6512,-122.203,2415,2166,363.2478632478632,Kirkland,WA,Washington,King,2.292682926829268,3.591463414634146,8.103658536585366,294.8672515910643,0.8997314511141069,0.7332089683653196,0.795839661064337,74.12388765091052,-0.32530031763016487,0.5571898367210116,1.1262839831529488,0.9225178795105865,1.3581735022437955,0.435655622733209
1888,9253900354,2014-07-01,580000.0,3,2.5,2200,11000,2.0,0,2,3,9,2200,0,2014-07-01,2014-07-01,98008,47.5916,-122.112,2200,12851,263.6363636363636,Bellevue,WA,Washington,King,2.292682926829268,3.591463414634146,8.103658536585366,294.8672515910643,0.8997314511141069,0.7332089683653196,0.795839661064337,74.12388765091052,-0.32530031763016487,-0.8066778233125089,1.1262839831529488,-0.42133364755210656,-0.00569415778972493,0.41563948976238163
2130,2483200060,2014-06-12,678500.0,3,2.0,2460,6600,1.0,0,2,4,8,1370,1090,2014-06-12,2014-06-12,98136,47.5215,-122.383,2150,6600,275.8130081300813,Seattle,WA,Washington,King,2.292682926829268,3.591463414634146,8.103658536585366,294.8672515910643,0.8997314511141069,0.7332089683653196,0.795839661064337,74.12388765091052,-0.32530031763016487,0.5571898367210116,-0.1302505286639463,-0.2570594185604476,0.10163899042690047,0.35869840898734806
20457,3342100569,2014-08-13,950000.0,3,2.5,2700,6947,2.0,0,3,3,9,2700,0,2014-08-13,2014-08-13,98056,47.5172,-122.208,2500,6947,351.85185185185185,Renton,WA,Washington,King,2.292682926829268,3.591463414634146,8.103658536585366,294.8672515910643,0.8997314511141069,0.7332089683653196,0.795839661064337,74.12388765091052,0.7861424342728991,-0.8066778233125089,1.1262839831529488,0.7687751151040384,1.105748594113339,0.3369734790093005
21554,2855000110,2014-08-08,388000.0,3,2.5,2198,6222,2.0,0,2,3,8,2198,0,2014-08-08,2014-08-08,98198,47.3906,-122.304,2198,7621,176.5241128298453,Seattle,WA,Washington,King,2.292682926829268,3.591463414634146,8.103658536585366,294.8672515910643,0.8997314511141069,0.7332089683653196,0.795839661064337,74.12388765091052,-0.32530031763016487,-0.8066778233125089,-0.1302505286639463,-1.5965587142239603,-1.26222866960662,0.3343300446173403
13362,3827600040,2014-05-02,749950.0,3,2.5,2770,10773,2.0,0,2,3,9,2770,0,2014-05-02,2014-05-02,98008,47.5754,-122.12,2530,10423,270.74007220216606,Bellevue,WA,Washington,King,2.292682926829268,3.591463414634146,8.103658536585366,294.8672515910643,0.8997314511141069,0.7332089683653196,0.795839661064337,74.12388765091052,-0.32530031763016487,-0.8066778233125089,1.1262839831529488,-0.32549802976506276,-0.00569415778972493,0.31980387197533783
9277,8129700644,2014-07-03,715000.0,3,4.0,2080,2250,3.0,0,4,3,8,2080,0,2014-07-03,2014-07-03,98103,47.6598,-122.355,2080,2250,343.75,Seattle,WA,Washington,King,2.292682926829268,3.591463414634146,8.103658536585366,294.8672515910643,0.8997314511141069,0.7332089683653196,0.795839661064337,74.12388765091052,1.897585186175963,-0.8066778233125089,-0.1302505286639463,0.659473618533758,0.9606568341995078,0.3011832156657498
18666,4073200757,2014-12-31,690000.0,3,2.0,1890,6620,1.0,0,3,4,8,1890,0,2014-12-31,2014-12-31,98125,47.7016,-122.274,2590,7188,365.07936507936506,Seattle,WA,Washington,King,2.292682926829268,3.591463414634146,8.103658536585366,294.8672515910643,0.8997314511141069,0.7332089683653196,0.795839661064337,74.12388765091052,0.7861424342728991,0.5571898367210116,-0.1302505286639463,0.9472265380759247,1.2130817423299642,0.2658552042540395
1531,2864600105,2014-06-24,819000.0,3,3.5,2130,6150,2.0,0,2,5,8,1530,600,2014-06-24,2014-06-24,98199,47.6491,-122.405,2040,5381,384.50704225352115,Seattle,WA,Washington,King,2.292682926829268,3.591463414634146,8.103658536585366,294.8672515910643,0.8997314511141069,0.7332089683653196,0.795839661064337,74.12388765091052,-0.32530031763016487,1.9210574967545322,-0.1302505286639463,1.2093239238154792,1.4655066504604208,0.2561827266449417
3965,8815400735,2014-05-29,680000.0,3,2.25,2330,4000,1.5,0,2,5,7,1520,810,2014-05-29,2014-05-29,98115,47.6732,-122.29,1870,4000,291.84549356223175,Seattle,WA,Washington,King,2.292682926829268,3.591463414634146,8.103658536585366,294.8672515910643,0.8997314511141069,0.7332089683653196,0.795839661064337,74.12388765091052,-0.32530031763016487,1.9210574967545322,-1.3867850404808415,-0.040766318721215,0.2089721386435257,0.2497384573647407
3131,9829200590,2014-10-28,759000.0,3,2.75,1960,6390,1.5,0,2,5,8,1960,0,2014-10-28,2014-10-28,98122,47.6032,-122.285,2440,5870,387.2448979591837,Seattle,WA,Washington,King,2.292682926829268,3.591463414634146,8.103658536585366,294.8672515910643,0.8997314511141069,0.7332089683653196,0.795839661064337,74.12388765091052,-0.32530031763016487,1.9210574967545322,-0.1302505286639463,1.2462601368559576,1.4655066504604208,0.21924651360446323
359,952003285,2014-08-05,679900.0,3,2.5,2440,5750,2.0,0,2,3,9,1980,460,2014-08-05,2014-08-05,98116,47.565,-122.381,1520,5750,278.6475409836066,Seattle,WA,Washington,King,2.292682926829268,3.591463414634146,8.103658536585366,294.8672515910643,0.8997314511141069,0.7332089683653196,0.795839661064337,74.12388765091052,-0.32530031763016487,-0.8066778233125089,1.1262839831529488,-0.2188189411198333,-0.00569415778972493,0.21312478333010837
5817,9577800005,2014-10-22,775000.0,3,2.5,2780,5467,2.0,0,2,3,9,2780,0,2014-10-22,2014-10-22,98126,47.5791,-122.378,2630,5000,278.7769784172662,Seattle,WA,Washington,King,2.292682926829268,3.591463414634146,8.103658536585366,294.8672515910643,0.8997314511141069,0.7332089683653196,0.795839661064337,74.12388765091052,-0.32530031763016487,-0.8066778233125089,1.1262839831529488,-0.21707271007662057,-0.00569415778972493,0.21137855228689564
4186,8073000265,2014-09-18,360000.0,3,2.0,1960,8846,1.0,0,3,4,6,980,980,2014-09-18,2014-09-18,98178,47.5101,-122.246,2190,6363,183.6734693877551,Seattle,WA,Washington,King,2.292682926829268,3.591463414634146,8.103658536585366,294.8672515910643,0.8997314511141069,0.7332089683653196,0.795839661064337,74.12388765091052,0.7861424342728991,0.5571898367210116,-2.6433195522977364,-1.5001072626813758,-1.2999872813038258,0.20011998137755005
19203,6324000115,2014-09-22,727500.0,3,2.0,2660,5000,1.5,0,3,3,8,1940,720,2014-09-22,2014-09-22,98116,47.5829,-122.382,2270,5000,273.49624060150376,Seattle,WA,Washington,King,2.292682926829268,3.591463414634146,8.103658536585366,294.8672515910643,0.8997314511141069,0.7332089683653196,0.795839661064337,74.12388765091052,0.7861424342728991,-0.8066778233125089,-0.1302505286639463,-0.2883147615004787,-0.15078591770355612,0.13752884379692257
13966,6102400166,2014-09-05,649000.0,3,2.0,1810,17006,2.0,1,4,3,8,1810,0,2014-09-05,2014-09-05,98166,47.4663,-122.369,2180,24911,358.56353591160223,Seattle,WA,Washington,King,2.292682926829268,3.591463414634146,8.103658536585366,294.8672515910643,0.8997314511141069,0.7332089683653196,0.795839661064337,74.12388765091052,1.897585186175963,-0.8066778233125089,-0.1302505286639463,0.8593219586716523,0.9606568341995078,0.10133487552785547
15900,1193000280,2014-05-27,994000.0,3,2.25,2510,6339,1.5,0,2,5,8,1810,700,2014-05-27,2014-05-27,98199,47.6496,-122.391,1820,5741,396.0159362549801,Seattle,WA,Washington,King,2.292682926829268,3.591463414634146,8.103658536585366,294.8672515910643,0.8997314511141069,0.7332089683653196,0.795839661064337,74.12388765091052,-0.32530031763016487,1.9210574967545322,-0.1302505286639463,1.3645895792767866,1.4655066504604208,0.10091707118363424
17376,4154305575,2014-09-03,836500.0,3,2.5,2230,7200,3.0,0,3,3,9,2230,0,2014-09-03,2014-09-03,98118,47.558,-122.265,2230,7200,375.11210762331837,Seattle,WA,Washington,King,2.292682926829268,3.591463414634146,8.103658536585366,294.8672515910643,0.8997314511141069,0.7332089683653196,0.795839661064337,74.12388765091052,0.7861424342728991,-0.8066778233125089,1.1262839831529488,1.082577541131821,1.105748594113339,0.023171052981517892
10362,9536600105,2015-01-09,600000.0,3,2.75,2080,16740,1.0,0,3,3,8,1580,500,2015-01-09,2015-01-09,98198,47.3632,-122.324,2175,7568,288.46153846153845,Seattle,WA,Washington,King,2.292682926829268,3.591463414634146,8.103658536585366,294.8672515910643,0.8997314511141069,0.7332089683653196,0.795839661064337,74.12388765091052,0.7861424342728991,-0.8066778233125089,-0.1302505286639463,-0.08641901190738698,-0.15078591770355612,-0.06436690579616915
2728,3760500435,2015-01-14,570000.0,3,2.75,2730,11936,2.0,0,2,3,8,1530,1200,2015-01-14,2015-01-14,98034,47.6987,-122.231,2810,12333,208.7912087912088,Kirkland,WA,Washington,King,2.292682926829268,3.591463414634146,8.103658536585366,294.8672515910643,0.8997314511141069,0.7332089683653196,0.795839661064337,74.12388765091052,-0.32530031763016487,-0.8066778233125089,-0.1302505286639463,-1.1612456594995957,-1.26222866960662,-0.10098301010702437
8680,2719100115,2014-11-04,690000.0,3,2.0,2360,6149,2.0,0,3,3,8,1560,800,2014-11-04,2014-11-04,98136,47.5433,-122.384,2000,6149,292.3728813559322,Seattle,WA,Washington,King,2.292682926829268,3.591463414634146,8.103658536585366,294.8672515910643,0.8997314511141069,0.7332089683653196,0.795839661064337,74.12388765091052,0.7861424342728991,-0.8066778233125089,-0.1302505286639463,-0.03365136819158032,-0.15078591770355612,-0.1171345495119758
14094,9808630210,2015-03-13,789800.0,3,2.5,2605,2216,2.0,0,2,3,9,2090,515,2015-03-13,2015-03-13,98033,47.6536,-122.203,2605,2300,303.1861804222649,Kirkland,WA,Washington,King,2.292682926829268,3.591463414634146,8.103658536585366,294.8672515910643,0.8997314511141069,0.7332089683653196,0.795839661064337,74.12388765091052,-0.32530031763016487,-0.8066778233125089,1.1262839831529488,0.11223006637723766,-0.00569415778972493,-0.11792422416696259
9278,8129700644,2015-04-24,780000.0,3,4.0,2080,2250,3.0,0,4,3,8,2080,0,2015-04-24,2015-04-24,98103,47.6598,-122.355,2080,2250,375.0,Seattle,WA,Washington,King,2.292682926829268,3.591463414634146,8.103658536585366,294.8672515910643,0.8997314511141069,0.7332089683653196,0.795839661064337,74.12388765091052,1.897585186175963,-0.8066778233125089,-0.1302505286639463,1.08106510530484,0.9606568341995078,-0.12040827110533214
126,4058801670,2014-07-17,445000.0,3,2.25,2100,8201,1.0,0,2,3,8,1620,480,2014-07-17,2014-07-17,98178,47.5091,-122.244,2660,8712,211.9047619047619,Seattle,WA,Washington,King,2.292682926829268,3.591463414634146,8.103658536585366,294.8672515910643,0.8997314511141069,0.7332089683653196,0.795839661064337,74.12388765091052,-0.32530031763016487,-0.8066778233125089,-0.1302505286639463,-1.1192409399385208,-1.26222866960662,-0.14298772966809925
12440,2624049035,2014-06-17,560000.0,3,2.0,2340,3477,1.0,0,1,5,7,1170,1170,2014-06-17,2014-06-17,98118,47.54,-122.267,2110,6300,239.31623931623932,Seattle,WA,Washington,King,2.292682926829268,3.591463414634146,8.103658536585366,294.8672515910643,0.8997314511141069,0.7332089683653196,0.795839661064337,74.12388765091052,-1.4367430695332288,1.9210574967545322,-1.3867850404808415,-0.7494346834106267,-0.9024706132595381,-0.15303592984891146
13980,1818800144,2014-05-02,750000.0,3,2.5,2390,6550,1.0,0,2,4,8,1440,950,2014-05-02,2014-05-02,98116,47.5714,-122.408,2010,6550,313.8075313807531,Seattle,WA,Washington,King,2.292682926829268,3.591463414634146,8.103658536585366,294.8672515910643,0.8997314511141069,0.7332089683653196,0.795839661064337,74.12388765091052,-0.32530031763016487,0.5571898367210116,-0.1302505286639463,0.2555219429246458,0.10163899042690047,-0.15388295249774533
2907,1455600015,2014-12-12,760000.0,3,3.5,2350,10739,1.0,0,2,5,7,1340,1010,2014-12-12,2014-12-12,98125,47.7288,-122.284,2580,11026,323.40425531914894,Seattle,WA,Washington,King,2.292682926829268,3.591463414634146,8.103658536585366,294.8672515910643,0.8997314511141069,0.7332089683653196,0.795839661064337,74.12388765091052,-0.32530031763016487,1.9210574967545322,-1.3867850404808415,0.3849906505508835,0.2089721386435257,-0.1760185119073578
5565,4019301300,2014-12-23,472000.0,3,2.0,2200,21890,1.0,0,2,3,8,1200,1000,2014-12-23,2014-12-23,98155,47.7584,-122.271,2600,15162,214.54545454545453,Seattle,WA,Washington,King,2.292682926829268,3.591463414634146,8.103658536585366,294.8672515910643,0.8997314511141069,0.7332089683653196,0.795839661064337,74.12388765091052,-0.32530031763016487,-0.8066778233125089,-0.1302505286639463,-1.0836155467706787,-1.26222866960662,-0.17861312283594133
15957,2162000190,2014-12-15,693000.0,3,2.25,2120,13644,2.0,0,1,4,9,1420,700,2014-12-15,2014-12-15,98040,47.5574,-122.214,2950,17060,326.8867924528302,Mercer Island,WA,Washington,King,2.292682926829268,3.591463414634146,8.103658536585366,294.8672515910643,0.8997314511141069,0.7332089683653196,0.795839661064337,74.12388765091052,-1.4367430695332288,0.5571898367210116,1.1262839831529488,0.43197330680445745,0.24673075034073155,-0.1852425564637259
9642,3760500602,2015-04-27,608095.0,3,2.5,2680,17707,2.0,0,1,3,9,2680,0,2015-04-27,2015-04-27,98034,47.7031,-122.224,2840,21743,226.90111940298507,Kirkland,WA,Washington,King,2.292682926829268,3.591463414634146,8.103658536585366,294.8672515910643,0.8997314511141069,0.7332089683653196,0.795839661064337,74.12388765091052,-1.4367430695332288,-0.8066778233125089,1.1262839831529488,-0.9169261670160705,-1.117136909692789,-0.20021074267671846
15081,7935000595,2014-10-08,939000.0,3,3.5,2450,9248,2.0,0,4,3,8,1960,490,2014-10-08,2014-10-08,98136,47.5476,-122.397,2620,10207,383.265306122449,Seattle,WA,Washington,King,2.292682926829268,3.591463414634146,8.103658536585366,294.8672515910643,0.8997314511141069,0.7332089683653196,0.795839661064337,74.12388765091052,1.897585186175963,-0.8066778233125089,-0.1302505286639463,1.1925717516018444,0.9606568341995078,-0.2319149174023366
18893,7579200600,2015-04-28,575000.0,3,2.0,1750,5750,1.0,0,2,5,7,870,880,2015-04-28,2015-04-28,98116,47.5579,-122.384,1750,5750,328.57142857142856,Seattle,WA,Washington,King,2.292682926829268,3.591463414634146,8.103658536585366,294.8672515910643,0.8997314511141069,0.7332089683653196,0.795839661064337,74.12388765091052,-0.32530031763016487,1.9210574967545322,-1.3867850404808415,0.454700610673518,0.2089721386435257,-0.24572847202999232
1073,2485000202,2015-04-01,986000.0,3,2.5,2380,16080,1.0,0,2,4,9,1340,1040,2015-04-01,2015-04-01,98136,47.5262,-122.386,2560,10070,414.2857142857143,Seattle,WA,Washington,King,2.292682926829268,3.591463414634146,8.103658536585366,294.8672515910643,0.8997314511141069,0.7332089683653196,0.795839661064337,74.12388765091052,-0.32530031763016487,0.5571898367210116,1.1262839831529488,1.6110658315313426,1.3581735022437955,-0.2528923292875471
11136,7277100055,2015-02-24,500000.0,3,2.25,2210,7680,1.0,0,2,3,8,1730,480,2015-02-24,2015-02-24,98177,47.7729,-122.389,2390,7680,226.2443438914027,Seattle,WA,Washington,King,2.292682926829268,3.591463414634146,8.103658536585366,294.8672515910643,0.8997314511141069,0.7332089683653196,0.795839661064337,74.12388765091052,-0.32530031763016487,-0.8066778233125089,-0.1302505286639463,-0.9257866778769617,-1.26222866960662,-0.3364419917296584
1207,194000505,2014-09-04,651000.0,3,2.0,1940,6440,1.0,0,2,5,7,970,970,2014-09-04,2014-09-04,98116,47.5664,-122.389,1730,4640,335.5670103092784,Seattle,WA,Washington,King,2.292682926829268,3.591463414634146,8.103658536585366,294.8672515910643,0.8997314511141069,0.7332089683653196,0.795839661064337,74.12388765091052,-0.32530031763016487,1.9210574967545322,-1.3867850404808415,0.5490774972555574,0.2089721386435257,-0.3401053586120317
3562,3342700371,2014-06-09,539950.0,3,2.25,2190,7149,1.0,0,1,4,8,1240,950,2014-06-09,2014-06-09,98056,47.5243,-122.204,3500,7149,246.55251141552512,Renton,WA,Washington,King,2.292682926829268,3.591463414634146,8.103658536585366,294.8672515910643,0.8997314511141069,0.7332089683653196,0.795839661064337,74.12388765091052,-1.4367430695332288,0.5571898367210116,-0.1302505286639463,-0.6518106605940508,-1.0098037614761635,-0.35799310088211267
19971,2623039019,2014-05-08,988500.0,3,2.75,2015,16807,2.0,1,4,3,9,2015,0,2014-05-08,2014-05-08,98166,47.45,-122.377,1780,12310,490.57071960297765,Seattle,WA,Washington,King,2.292682926829268,3.591463414634146,8.103658536585366,294.8672515910643,0.8997314511141069,0.7332089683653196,0.795839661064337,74.12388765091052,1.897585186175963,-0.8066778233125089,1.1262839831529488,2.640221313452781,2.2171913460164028,-0.4230299674363782
11603,2716600273,2014-05-28,820000.0,3,2.5,2510,5503,2.0,0,2,3,9,2510,0,2014-05-28,2014-05-28,98136,47.5419,-122.383,1790,6099,326.69322709163345,Seattle,WA,Washington,King,2.292682926829268,3.591463414634146,8.103658536585366,294.8672515910643,0.8997314511141069,0.7332089683653196,0.795839661064337,74.12388765091052,-0.32530031763016487,-0.8066778233125089,1.1262839831529488,0.4293619305351991,-0.00569415778972493,-0.43505608832492404
9750,2581300055,2014-11-21,885000.0,3,3.25,2640,16090,1.0,0,2,4,8,1960,680,2014-11-21,2014-11-21,98040,47.5374,-122.213,3690,15000,335.22727272727275,Mercer Island,WA,Washington,King,2.292682926829268,3.591463414634146,8.103658536585366,294.8672515910643,0.8997314511141069,0.7332089683653196,0.795839661064337,74.12388765091052,-0.32530031763016487,0.5571898367210116,-0.1302505286639463,0.544494122141645,0.10163899042690047,-0.44285513171474455
9797,1563102685,2015-04-22,875000.0,3,2.5,2520,3750,2.0,0,1,4,9,2520,0,2015-04-22,2015-04-22,98116,47.5671,-122.404,2250,6200,347.22222222222223,Seattle,WA,Washington,King,2.292682926829268,3.591463414634146,8.103658536585366,294.8672515910643,0.8997314511141069,0.7332089683653196,0.795839661064337,74.12388765091052,-1.4367430695332288,0.5571898367210116,1.1262839831529488,0.7063171170638782,0.24673075034073155,-0.4595863667231467
1437,4473400045,2014-08-26,535000.0,3,2.0,2040,5600,1.0,0,1,5,7,1120,920,2014-08-26,2014-08-26,98144,47.5959,-122.293,2120,4958,262.2549019607843,Seattle,WA,Washington,King,2.292682926829268,3.591463414634146,8.103658536585366,294.8672515910643,0.8997314511141069,0.7332089683653196,0.795839661064337,74.12388765091052,-1.4367430695332288,1.9210574967545322,-1.3867850404808415,-0.4399708469672987,-0.9024706132595381,-0.46249976629223943
7281,123059071,2014-07-08,440000.0,3,2.0,1860,217800,2.0,0,2,3,8,1860,0,2014-07-08,2014-07-08,98059,47.5157,-122.107,2500,217800,236.55913978494624,Renton,WA,Washington,King,2.292682926829268,3.591463414634146,8.103658536585366,294.8672515910643,0.8997314511141069,0.7332089683653196,0.795839661064337,74.12388765091052,-0.32530031763016487,-0.8066778233125089,-0.1302505286639463,-0.7866305135089852,-1.26222866960662,-0.4755981560976349
8058,3878900815,2015-05-04,361000.0,3,2.25,2470,5650,1.0,0,2,3,7,1550,920,2015-05-04,2015-05-04,98178,47.5072,-122.252,1660,5650,146.15384615384616,Seattle,WA,Washington,King,2.292682926829268,3.591463414634146,8.103658536585366,294.8672515910643,0.8997314511141069,0.7332089683653196,0.795839661064337,74.12388765091052,-0.32530031763016487,-0.8066778233125089,-1.3867850404808415,-2.0062817824341597,-2.518763181423515,-0.5124813989893555
1360,6821600390,2015-01-08,815000.0,3,2.0,2310,6000,2.0,0,1,4,9,1560,750,2015-01-08,2015-01-08,98199,47.648,-122.395,2000,6000,352.8138528138528,Seattle,WA,Washington,King,2.292682926829268,3.591463414634146,8.103658536585366,294.8672515910643,0.8997314511141069,0.7332089683653196,0.795839661064337,74.12388765091052,-1.4367430695332288,0.5571898367210116,1.1262839831529488,0.7817534004110847,0.24673075034073155,-0.5350226500703531
14278,6908200021,2014-10-28,769950.0,3,2.0,2190,5400,1.0,0,2,5,7,1260,930,2014-10-28,2014-10-28,98107,47.6737,-122.4,2160,5400,351.5753424657534,Seattle,WA,Washington,King,2.292682926829268,3.591463414634146,8.103658536585366,294.8672515910643,0.8997314511141069,0.7332089683653196,0.795839661064337,74.12388765091052,-0.32530031763016487,1.9210574967545322,-1.3867850404808415,0.7650447470019136,0.2089721386435257,-0.5560726083583879
8772,7856000110,2015-02-03,895000.0,3,2.5,2750,10000,1.0,0,3,3,8,1650,1100,2015-02-03,2015-02-03,98006,47.5644,-122.153,2490,10000,325.45454545454544,Bellevue,WA,Washington,King,2.292682926829268,3.591463414634146,8.103658536585366,294.8672515910643,0.8997314511141069,0.7332089683653196,0.795839661064337,74.12388765091052,0.7861424342728991,-0.8066778233125089,-0.1302505286639463,0.412650966278688,-0.15078591770355612,-0.5634368839822441
12381,5135000160,2014-06-12,670000.0,3,2.5,2050,6420,1.0,0,3,3,8,1730,320,2014-06-12,2014-06-12,98116,47.5708,-122.405,2370,7620,326.8292682926829,Seattle,WA,Washington,King,2.292682926829268,3.591463414634146,8.103658536585366,294.8672515910643,0.8997314511141069,0.7332089683653196,0.795839661064337,74.12388765091052,0.7861424342728991,-0.8066778233125089,-0.1302505286639463,0.4311972525260013,-0.15078591770355612,-0.5819831702295574
7720,8894000040,2014-06-25,645000.0,3,2.75,1850,16960,1.0,0,2,4,8,1850,0,2014-06-25,2014-06-25,98177,47.7128,-122.365,2470,13761,348.64864864864865,Seattle,WA,Washington,King,2.292682926829268,3.591463414634146,8.103658536585366,294.8672515910643,0.8997314511141069,0.7332089683653196,0.795839661064337,74.12388765091052,-0.32530031763016487,0.5571898367210116,-0.1302505286639463,0.7255609326762519,0.10163899042690047,-0.6239219422493514
8440,9324800650,2015-04-27,587450.0,3,2.25,2190,8775,1.5,0,1,4,8,2190,0,2015-04-27,2015-04-27,98125,47.7303,-122.287,1910,8145,268.2420091324201,Seattle,WA,Washington,King,2.292682926829268,3.591463414634146,8.103658536585366,294.8672515910643,0.8997314511141069,0.7332089683653196,0.795839661064337,74.12388765091052,-1.4367430695332288,0.5571898367210116,-0.1302505286639463,-0.35919921772097113,-1.0098037614761635,-0.6506045437551924
11057,868000575,2014-08-19,998800.0,3,2.0,2250,8000,1.0,0,2,4,9,2250,0,2014-08-19,2014-08-19,98177,47.7077,-122.378,2880,10960,443.9111111111111,Seattle,WA,Washington,King,2.292682926829268,3.591463414634146,8.103658536585366,294.8672515910643,0.8997314511141069,0.7332089683653196,0.795839661064337,74.12388765091052,-0.32530031763016487,0.5571898367210116,1.1262839831529488,2.0107399145330174,1.3581735022437955,-0.6525664122892219
13562,1604601225,2015-04-02,423500.0,3,2.0,1770,6000,1.0,0,3,3,7,1100,670,2015-04-02,2015-04-02,98118,47.5644,-122.29,1300,3000,239.26553672316385,Seattle,WA,Washington,King,2.292682926829268,3.591463414634146,8.103658536585366,294.8672515910643,0.8997314511141069,0.7332089683653196,0.795839661064337,74.12388765091052,0.7861424342728991,-0.8066778233125089,-1.3867850404808415,-0.7501187084217574,-1.4073204295204513,-0.6572017210986939
6409,2815600305,2015-04-22,695000.0,3,2.0,2560,6800,1.0,0,1,4,8,1380,1180,2015-04-22,2015-04-22,98136,47.5506,-122.395,1780,6800,271.484375,Seattle,WA,Washington,King,2.292682926829268,3.591463414634146,8.103658536585366,294.8672515910643,0.8997314511141069,0.7332089683653196,0.795839661064337,74.12388765091052,-1.4367430695332288,0.5571898367210116,-0.1302505286639463,-0.3154566946243688,-1.0098037614761635,-0.6943470668517946
4061,8965500900,2015-02-13,725000.0,3,2.5,2090,9847,2.0,0,2,3,9,2090,0,2015-02-13,2015-02-13,98006,47.5651,-122.114,2860,11483,346.8899521531101,Bellevue,WA,Washington,King,2.292682926829268,3.591463414634146,8.103658536585366,294.8672515910643,0.8997314511141069,0.7332089683653196,0.795839661064337,74.12388765091052,-0.32530031763016487,-0.8066778233125089,1.1262839831529488,0.7018344856255895,-0.00569415778972493,-0.7075286434153144
12073,7129302685,2014-09-11,699000.0,3,2.0,2010,4320,2.0,0,2,3,9,2010,0,2014-09-11,2014-09-11,98118,47.5153,-122.256,1640,5225,347.76119402985074,Seattle,WA,Washington,King,2.292682926829268,3.591463414634146,8.103658536585366,294.8672515910643,0.8997314511141069,0.7332089683653196,0.795839661064337,74.12388765091052,-0.32530031763016487,-0.8066778233125089,1.1262839831529488,0.713588346686464,-0.00569415778972493,-0.7192825044761889
5714,9297300255,2014-07-16,565000.0,3,3.0,2110,4000,1.0,0,2,4,7,1110,1000,2014-07-16,2014-07-16,98126,47.5696,-122.375,1730,4000,267.77251184834125,Seattle,WA,Washington,King,2.292682926829268,3.591463414634146,8.103658536585366,294.8672515910643,0.8997314511141069,0.7332089683653196,0.795839661064337,74.12388765091052,-0.32530031763016487,0.5571898367210116,-1.3867850404808415,-0.3655331715779242,-1.1548955213899947,-0.7893623498120705
4793,3948900050,2015-04-27,616000.0,3,3.25,2130,2306,2.0,0,1,5,7,1420,710,2015-04-27,2015-04-27,98136,47.5424,-122.391,1560,4500,289.2018779342723,Seattle,WA,Washington,King,2.292682926829268,3.591463414634146,8.103658536585366,294.8672515910643,0.8997314511141069,0.7332089683653196,0.795839661064337,74.12388765091052,-1.4367430695332288,1.9210574967545322,-1.3867850404808415,-0.07643114569858092,-0.9024706132595381,-0.8260394675609573
3272,3625059143,2014-09-03,600000.0,3,2.25,2100,8276,2.0,0,1,4,8,2100,0,2014-09-03,2014-09-03,98008,47.6068,-122.112,2420,18135,285.7142857142857,Bellevue,WA,Washington,King,2.292682926829268,3.591463414634146,8.103658536585366,294.8672515910643,0.8997314511141069,0.7332089683653196,0.795839661064337,74.12388765091052,-1.4367430695332288,0.5571898367210116,-0.1302505286639463,-0.12348199975539394,-1.0098037614761635,-0.8863217617207695
19207,8125200481,2014-09-26,319000.0,3,2.25,1800,9597,1.0,0,2,3,7,1200,600,2014-09-26,2014-09-26,98188,47.4516,-122.267,1700,13502,177.22222222222223,Seattle,WA,Washington,King,2.292682926829268,3.591463414634146,8.103658536585366,294.8672515910643,0.8997314511141069,0.7332089683653196,0.795839661064337,74.12388765091052,-0.32530031763016487,-0.8066778233125089,-1.3867850404808415,-1.587140570970807,-2.518763181423515,-0.9316226104527081
19767,3655500030,2015-04-03,719000.0,3,3.5,2540,10578,2.0,0,1,3,9,2010,530,2015-04-03,2015-04-03,98006,47.547,-122.192,3240,9831,283.07086614173227,Bellevue,WA,Washington,King,2.292682926829268,3.591463414634146,8.103658536585366,294.8672515910643,0.8997314511141069,0.7332089683653196,0.795839661064337,74.12388765091052,-1.4367430695332288,-0.8066778233125089,1.1262839831529488,-0.15914418176347678,-1.117136909692789,-0.9579927279293122
953,7517500611,2014-05-21,720000.0,3,2.5,2020,1159,3.0,0,3,3,8,2020,0,2014-05-21,2014-05-21,98103,47.6617,-122.356,1920,3600,356.43564356435644,Seattle,WA,Washington,King,2.292682926829268,3.591463414634146,8.103658536585366,294.8672515910643,0.8997314511141069,0.7332089683653196,0.795839661064337,74.12388765091052,0.7861424342728991,-0.8066778233125089,-0.1302505286639463,0.8306147171239991,-0.15078591770355612,-0.9814006348275552
120,7278700070,2015-01-02,660000.0,3,2.5,2400,6474,1.0,0,2,3,8,1560,840,2015-01-02,2015-01-02,98177,47.7728,-122.386,2340,10856,275.0,Seattle,WA,Washington,King,2.292682926829268,3.591463414634146,8.103658536585366,294.8672515910643,0.8997314511141069,0.7332089683653196,0.795839661064337,74.12388765091052,-0.32530031763016487,-0.8066778233125089,-0.1302505286639463,-0.2680276523626221,-1.26222866960662,-0.9942010172439979
19268,1972202023,2014-09-04,504500.0,3,2.5,1820,1545,3.0,0,2,3,8,1640,180,2014-09-04,2014-09-04,98103,47.6523,-122.346,1440,1290,277.1978021978022,Seattle,WA,Washington,King,2.292682926829268,3.591463414634146,8.103658536585366,294.8672515910643,0.8997314511141069,0.7332089683653196,0.795839661064337,74.12388765091052,-0.32530031763016487,-0.8066778233125089,-0.1302505286639463,-0.23837726208421608,-1.26222866960662,-1.023851407522404
11511,258500059,2014-07-21,760000.0,3,2.5,2050,15020,1.0,0,2,3,9,1600,450,2014-07-21,2014-07-21,98177,47.759,-122.371,2930,15050,370.7317073170732,Seattle,WA,Washington,King,2.292682926829268,3.591463414634146,8.103658536585366,294.8672515910643,0.8997314511141069,0.7332089683653196,0.795839661064337,74.12388765091052,-0.32530031763016487,-0.8066778233125089,1.1262839831529488,1.023481877843424,-0.00569415778972493,-1.029176035633149
10813,6133100125,2014-10-08,715500.0,3,2.25,2410,9668,1.0,0,1,4,8,1540,870,2014-10-08,2014-10-08,98117,47.6996,-122.391,2510,5250,296.88796680497927,Seattle,WA,Washington,King,2.292682926829268,3.591463414634146,8.103658536585366,294.8672515910643,0.8997314511141069,0.7332089683653196,0.795839661064337,74.12388765091052,-1.4367430695332288,0.5571898367210116,-0.1302505286639463,0.0272613226040114,-1.0098037614761635,-1.037065084080175
9579,6619910230,2014-06-16,545000.0,3,2.5,1940,9775,1.0,0,2,3,8,1440,500,2014-06-16,2014-06-16,98034,47.7142,-122.222,2830,9775,280.92783505154637,Kirkland,WA,Washington,King,2.292682926829268,3.591463414634146,8.103658536585366,294.8672515910643,0.8997314511141069,0.7332089683653196,0.795839661064337,74.12388765091052,-0.32530031763016487,-0.8066778233125089,-0.1302505286639463,-0.1880556589957368,-1.26222866960662,-1.0741730106108833
4593,1024000100,2015-04-08,900000.0,3,2.5,1920,7200,2.0,0,2,3,10,1780,140,2015-04-08,2015-04-08,98116,47.5709,-122.408,2080,5000,468.75,Seattle,WA,Washington,King,2.292682926829268,3.591463414634146,8.103658536585366,294.8672515910643,0.8997314511141069,0.7332089683653196,0.795839661064337,74.12388765091052,-0.32530031763016487,-0.8066778233125089,2.382818494969844,2.3458395656180855,1.2508403540271704,-1.094999211590915
3676,2391600165,2014-06-17,475000.0,3,2.25,2280,5750,1.0,0,1,4,7,1150,1130,2014-06-17,2014-06-17,98116,47.5641,-122.393,1500,5060,208.33333333333334,Seattle,WA,Washington,King,2.292682926829268,3.591463414634146,8.103658536585366,294.8672515910643,0.8997314511141069,0.7332089683653196,0.795839661064337,74.12388765091052,-1.4367430695332288,0.5571898367210116,-1.3867850404808415,-1.16742282414093,-2.2663382732930586,-1.0989154491521287
18161,2719100355,2014-11-04,660000.0,3,2.25,2280,6150,2.0,0,2,3,8,2280,0,2014-11-04,2014-11-04,98136,47.5423,-122.385,1920,6150,289.4736842105263,Seattle,WA,Washington,King,2.292682926829268,3.591463414634146,8.103658536585366,294.8672515910643,0.8997314511141069,0.7332089683653196,0.795839661064337,74.12388765091052,-0.32530031763016487,-0.8066778233125089,-0.1302505286639463,-0.07276422691075282,-1.26222866960662,-1.1894644426958672
16125,8923600185,2014-08-29,800000.0,3,2.5,2760,9471,1.0,0,2,3,8,1760,1000,2014-08-29,2014-08-29,98115,47.676,-122.272,3040,6765,289.8550724637681,Seattle,WA,Washington,King,2.292682926829268,3.591463414634146,8.103658536585366,294.8672515910643,0.8997314511141069,0.7332089683653196,0.795839661064337,74.12388765091052,-0.32530031763016487,-0.8066778233125089,-0.1302505286639463,-0.06761894560767294,-1.26222866960662,-1.194609723998947
7990,4039701280,2015-04-08,954500.0,3,2.25,2440,9689,1.0,0,2,4,8,1830,610,2015-04-08,2015-04-08,98008,47.6141,-122.111,2730,9689,391.1885245901639,Bellevue,WA,Washington,King,2.292682926829268,3.591463414634146,8.103658536585366,294.8672515910643,0.8997314511141069,0.7332089683653196,0.795839661064337,74.12388765091052,-0.32530031763016487,0.5571898367210116,-0.1302505286639463,1.2994633181239574,0.10163899042690047,-1.197824327697057
8803,34001765,2015-03-25,699950.0,3,3.25,2230,5460,1.0,0,1,4,8,1430,800,2015-03-25,2015-03-25,98136,47.53,-122.388,2070,5600,313.8789237668162,Seattle,WA,Washington,King,2.292682926829268,3.591463414634146,8.103658536585366,294.8672515910643,0.8997314511141069,0.7332089683653196,0.795839661064337,74.12388765091052,-1.4367430695332288,0.5571898367210116,-0.1302505286639463,0.2564850924345485,-1.0098037614761635,-1.266288853910712
13430,5029000120,2015-04-07,450000.0,3,2.25,1940,8312,1.0,0,1,4,7,1220,720,2015-04-07,2015-04-07,98166,47.4556,-122.346,2060,9503,231.95876288659792,Seattle,WA,Washington,King,2.292682926829268,3.591463414634146,8.103658536585366,294.8672515910643,0.8997314511141069,0.7332089683653196,0.795839661064337,74.12388765091052,-1.4367430695332288,0.5571898367210116,-1.3867850404808415,-0.8486938650700093,-2.2663382732930586,-1.4176444082230493
6986,3342100780,2014-07-09,583000.0,3,2.5,2600,5100,2.0,0,1,3,8,2600,0,2014-07-09,2014-07-09,98056,47.5175,-122.205,2270,5400,224.23076923076923,Renton,WA,Washington,King,2.292682926829268,3.591463414634146,8.103658536585366,294.8672515910643,0.8997314511141069,0.7332089683653196,0.795839661064337,74.12388765091052,-1.4367430695332288,-0.8066778233125089,-0.1302505286639463,-0.9529516677937951,-2.373671421509684,-1.4207197537158889
5664,139000185,2015-04-28,800000.0,3,2.5,2100,4440,2.0,0,4,3,7,2100,0,2015-04-28,2015-04-28,98116,47.5865,-122.397,2100,6000,380.95238095238096,Seattle,WA,Washington,King,2.292682926829268,3.591463414634146,8.103658536585366,294.8672515910643,0.8997314511141069,0.7332089683653196,0.795839661064337,74.12388765091052,1.897585186175963,-0.8066778233125089,-1.3867850404808415,1.161368245642189,-0.2958776776173875,-1.4572459232595765
17443,2487200279,2014-11-24,560000.0,3,2.5,2430,5128,1.0,0,1,3,8,1270,1160,2014-11-24,2014-11-24,98136,47.5198,-122.389,2510,5330,230.45267489711935,Seattle,WA,Washington,King,2.292682926829268,3.591463414634146,8.103658536585366,294.8672515910643,0.8997314511141069,0.7332089683653196,0.795839661064337,74.12388765091052,-1.4367430695332288,-0.8066778233125089,-0.1302505286639463,-0.8690123890601642,-2.373671421509684,-1.5046590324495197
15032,6744700424,2014-06-26,537000.0,3,3.0,2410,7479,2.0,0,2,3,7,2410,0,2014-06-26,2014-06-26,98155,47.7394,-122.288,2610,7479,222.82157676348547,Seattle,WA,Washington,King,2.292682926829268,3.591463414634146,8.103658536585366,294.8672515910643,0.8997314511141069,0.7332089683653196,0.795839661064337,74.12388765091052,-0.32530031763016487,-0.8066778233125089,-1.3867850404808415,-0.9719629813115158,-2.518763181423515,-1.5468002001119994
13260,7517500610,2015-03-04,781000.0,3,2.5,1920,1896,3.0,0,3,3,8,1920,0,2015-03-04,2015-03-04,98103,47.6616,-122.356,1670,2994,406.7708333333333,Seattle,WA,Washington,King,2.292682926829268,3.591463414634146,8.103658536585366,294.8672515910643,0.8997314511141069,0.7332089683653196,0.795839661064337,74.12388765091052,0.7861424342728991,-0.8066778233125089,-0.1302505286639463,1.5096831168554394,-0.15078591770355612,-1.6604690345589956
3604,2141310490,2015-01-02,625000.0,3,2.25,1920,8412,1.0,0,2,3,8,1460,460,2015-01-02,2015-01-02,98006,47.5578,-122.132,2490,8700,325.5208333333333,Bellevue,WA,Washington,King,2.292682926829268,3.591463414634146,8.103658536585366,294.8672515910643,0.8997314511141069,0.7332089683653196,0.795839661064337,74.12388765091052,-0.32530031763016487,-0.8066778233125089,-0.1302505286639463,0.41354525125062663,-1.26222866960662,-1.6757739208572466
5203,7649400170,2014-12-05,675000.0,3,2.25,2070,2833,2.0,0,2,3,8,1490,580,2014-12-05,2014-12-05,98136,47.5543,-122.398,1940,3794,326.0869565217391,Seattle,WA,Washington,King,2.292682926829268,3.591463414634146,8.103658536585366,294.8672515910643,0.8997314511141069,0.7332089683653196,0.795839661064337,74.12388765091052,-0.32530031763016487,-0.8066778233125089,-0.1302505286639463,0.42118277818488553,-1.26222866960662,-1.6834114477915056
12702,4321200580,2015-01-25,575000.0,3,2.5,1760,2320,2.0,0,2,3,8,1760,0,2015-01-25,2015-01-25,98126,47.5723,-122.376,1760,4698,326.70454545454544,Seattle,WA,Washington,King,2.292682926829268,3.591463414634146,8.103658536585366,294.8672515910643,0.8997314511141069,0.7332089683653196,0.795839661064337,74.12388765091052,-0.32530031763016487,-0.8066778233125089,-0.1302505286639463,0.4295146257495313,-1.26222866960662,-1.6917432953561513
7711,9808640090,2015-03-19,815000.0,3,2.5,2415,2186,2.0,0,1,3,9,2415,0,2015-03-19,2015-03-19,98033,47.6506,-122.202,2660,2165,337.4741200828157,Kirkland,WA,Washington,King,2.292682926829268,3.591463414634146,8.103658536585366,294.8672515910643,0.8997314511141069,0.7332089683653196,0.795839661064337,74.12388765091052,-1.4367430695332288,-0.8066778233125089,1.1262839831529488,0.5748061770911181,-1.117136909692789,-1.6919430867839071
18041,2771603990,2014-07-15,625000.0,3,2.0,1880,4000,1.0,0,2,3,8,1280,600,2014-07-15,2014-07-15,98199,47.6375,-122.391,1920,4000,332.4468085106383,Seattle,WA,Washington,King,2.292682926829268,3.591463414634146,8.103658536585366,294.8672515910643,0.8997314511141069,0.7332089683653196,0.795839661064337,74.12388765091052,-0.32530031763016487,-0.8066778233125089,-0.1302505286639463,0.506983080765494,-1.26222866960662,-1.769211750372114
7263,6905200050,2014-10-09,606400.0,3,3.0,1800,5000,1.5,0,2,3,8,1500,300,2014-10-09,2014-10-09,98119,47.6475,-122.371,1670,5000,336.8888888888889,Seattle,WA,Washington,King,2.292682926829268,3.591463414634146,8.103658536585366,294.8672515910643,0.8997314511141069,0.7332089683653196,0.795839661064337,74.12388765091052,-0.32530031763016487,-0.8066778233125089,-0.1302505286639463,0.5669108654382408,-1.26222866960662,-1.829139535044861
16061,5288200225,2014-11-25,437500.0,3,2.0,1760,2875,2.0,0,2,3,7,1290,470,2014-11-25,2014-11-25,98126,47.5602,-122.378,1760,4830,248.57954545454547,Seattle,WA,Washington,King,2.292682926829268,3.591463414634146,8.103658536585366,294.8672515910643,0.8997314511141069,0.7332089683653196,0.795839661064337,74.12388765091052,-0.32530031763016487,-0.8066778233125089,-1.3867850404808415,-0.6244640911781729,-2.518763181423515,-1.8942990902453423
18137,7905390220,2014-06-23,449500.0,3,2.25,1780,7280,1.0,0,2,3,7,1340,440,2014-06-23,2014-06-23,98034,47.723,-122.215,2060,7280,252.52808988764045,Kirkland,WA,Washington,King,2.292682926829268,3.591463414634146,8.103658536585366,294.8672515910643,0.8997314511141069,0.7332089683653196,0.795839661064337,74.12388765091052,-0.32530031763016487,-0.8066778233125089,-1.3867850404808415,-0.5711945641980068,-2.518763181423515,-1.9475686172255084
3160,2759800110,2014-10-31,485000.0,3,2.5,1840,8250,1.0,0,1,3,8,1340,500,2014-10-31,2014-10-31,98177,47.7767,-122.378,1970,7920,263.5869565217391,Seattle,WA,Washington,King,2.292682926829268,3.591463414634146,8.103658536585366,294.8672515910643,0.8997314511141069,0.7332089683653196,0.795839661064337,74.12388765091052,-1.4367430695332288,-0.8066778233125089,-0.1302505286639463,-0.4220001953572782,-2.373671421509684,-1.9516712261524058
5830,1250203860,2014-10-03,759000.0,3,2.0,2260,7200,1.0,0,3,3,7,1130,1130,2014-10-03,2014-10-03,98144,47.5886,-122.288,2260,6000,335.8407079646018,Seattle,WA,Washington,King,2.292682926829268,3.591463414634146,8.103658536585366,294.8672515910643,0.8997314511141069,0.7332089683653196,0.795839661064337,74.12388765091052,0.7861424342728991,-0.8066778233125089,-1.3867850404808415,0.5527699325014314,-1.4073204295204513,-1.9600903620218828
7146,7936000562,2014-12-16,721000.0,3,2.25,2680,10440,1.0,0,1,3,8,1540,1140,2014-12-16,2014-12-16,98116,47.561,-122.398,2140,7560,269.02985074626866,Seattle,WA,Washington,King,2.292682926829268,3.591463414634146,8.103658536585366,294.8672515910643,0.8997314511141069,0.7332089683653196,0.795839661064337,74.12388765091052,-1.4367430695332288,-0.8066778233125089,-0.1302505286639463,-0.3485705035666496,-2.373671421509684,-2.025100917943034
2662,7272001805,2015-03-09,418200.0,3,2.25,2240,9542,1.0,0,1,3,7,1190,1050,2015-03-09,2015-03-09,98198,47.3995,-122.318,2080,9542,186.69642857142858,Seattle,WA,Washington,King,2.292682926829268,3.591463414634146,8.103658536585366,294.8672515910643,0.8997314511141069,0.7332089683653196,0.795839661064337,74.12388765091052,-1.4367430695332288,-0.8066778233125089,-1.3867850404808415,-1.4593247392671933,-3.6302059333265793,-2.170881194059386
7882,7784000180,2015-05-05,625000.0,3,2.0,2168,12616,2.0,0,1,4,7,2168,0,2015-05-05,2015-05-05,98146,47.4933,-122.367,2168,9750,288.2841328413284,Seattle,WA,Washington,King,2.292682926829268,3.591463414634146,8.103658536585366,294.8672515910643,0.8997314511141069,0.7332089683653196,0.795839661064337,74.12388765091052,-1.4367430695332288,0.5571898367210116,-1.3867850404808415,-0.08881237828133563,-2.2663382732930586,-2.177525895011723
17742,4278900110,2014-10-09,969500.0,3,3.25,2080,3025,2.0,0,2,4,8,1220,860,2014-10-09,2014-10-09,98122,47.6051,-122.289,2680,6518,466.1057692307692,Seattle,WA,Washington,King,2.292682926829268,3.591463414634146,8.103658536585366,294.8672515910643,0.8997314511141069,0.7332089683653196,0.795839661064337,74.12388765091052,-0.32530031763016487,0.5571898367210116,-0.1302505286639463,2.3101664398143784,0.10163899042690047,-2.208527449387478
11334,9530101290,2014-11-01,700000.0,3,2.0,1940,4500,1.0,0,3,3,7,1090,850,2014-11-01,2014-11-01,98107,47.6659,-122.359,1700,4500,360.82474226804123,Seattle,WA,Washington,King,2.292682926829268,3.591463414634146,8.103658536585366,294.8672515910643,0.8997314511141069,0.7332089683653196,0.795839661064337,74.12388765091052,0.7861424342728991,-0.8066778233125089,-1.3867850404808415,0.8898277298622872,-1.4073204295204513,-2.2971481593827385
3824,2249500367,2014-10-21,736000.0,3,2.5,1980,2975,3.0,0,2,3,8,1980,0,2014-10-21,2014-10-21,98109,47.6294,-122.344,1980,3144,371.7171717171717,Seattle,WA,Washington,King,2.292682926829268,3.591463414634146,8.103658536585366,294.8672515910643,0.8997314511141069,0.7332089683653196,0.795839661064337,74.12388765091052,-0.32530031763016487,-0.8066778233125089,-0.1302505286639463,1.0367767066945444,-1.26222866960662,-2.2990053763011646
15261,6908200006,2014-09-19,699000.0,3,2.0,1820,4080,2.0,0,2,3,8,1820,0,2014-09-19,2014-09-19,98107,47.6735,-122.401,2160,5400,384.0659340659341,Seattle,WA,Washington,King,2.292682926829268,3.591463414634146,8.103658536585366,294.8672515910643,0.8997314511141069,0.7332089683653196,0.795839661064337,74.12388765091052,-0.32530031763016487,-0.8066778233125089,-0.1302505286639463,1.2033729652032636,-1.26222866960662,-2.4656016348098837
8895,269000615,2014-05-16,875000.0,3,2.0,2220,6641,1.0,0,2,4,7,1220,1000,2014-05-16,2014-05-16,98199,47.6426,-122.388,1800,5900,394.14414414414415,Seattle,WA,Washington,King,2.292682926829268,3.591463414634146,8.103658536585366,294.8672515910643,0.8997314511141069,0.7332089683653196,0.795839661064337,74.12388765091052,-0.32530031763016487,0.5571898367210116,-1.3867850404808415,1.3393373674709081,-1.1548955213899947,-2.494232888860903
11289,8820902400,2014-09-01,498000.0,3,3.0,2360,2750,2.0,0,1,3,7,1780,580,2014-09-01,2014-09-01,98125,47.7142,-122.281,1970,5800,211.01694915254237,Seattle,WA,Washington,King,2.292682926829268,3.591463414634146,8.103658536585366,294.8672515910643,0.8997314511141069,0.7332089683653196,0.795839661064337,74.12388765091052,-1.4367430695332288,-0.8066778233125089,-1.3867850404808415,-1.1312183574803627,-3.6302059333265793,-2.4989875758462166
10707,1315300070,2015-03-19,925500.0,3,2.75,1970,5200,1.5,0,3,3,8,1970,0,2015-03-19,2015-03-19,98136,47.5374,-122.388,2140,5200,469.79695431472084,Seattle,WA,Washington,King,2.292682926829268,3.591463414634146,8.103658536585366,294.8672515910643,0.8997314511141069,0.7332089683653196,0.795839661064337,74.12388765091052,0.7861424342728991,-0.8066778233125089,-0.1302505286639463,2.359963950454071,-0.15078591770355612,-2.5107498681576272
7076,269000950,2014-07-03,990000.0,3,4.0,2550,3900,2.0,0,2,3,8,2050,500,2014-07-03,2014-07-03,98199,47.6415,-122.392,2340,6400,388.2352941176471,Seattle,WA,Washington,King,2.292682926829268,3.591463414634146,8.103658536585366,294.8672515910643,0.8997314511141069,0.7332089683653196,0.795839661064337,74.12388765091052,-0.32530031763016487,-0.8066778233125089,-0.1302505286639463,1.259621499702004,-1.26222866960662,-2.521850169308624
15862,8587400050,2015-03-25,710000.0,3,2.75,2210,7660,1.0,0,1,4,7,1460,750,2015-03-25,2015-03-25,98116,47.5619,-122.4,2110,8750,321.2669683257919,Seattle,WA,Washington,King,2.292682926829268,3.591463414634146,8.103658536585366,294.8672515910643,0.8997314511141069,0.7332089683653196,0.795839661064337,74.12388765091052,-1.4367430695332288,0.5571898367210116,-1.3867850404808415,0.3561566665129347,-2.2663382732930586,-2.622494939805993
7703,9294300515,2014-10-24,775000.0,3,2.0,2010,7017,2.0,0,3,3,7,2010,0,2014-10-24,2014-10-24,98115,47.6828,-122.267,2450,6045,385.5721393034826,Seattle,WA,Washington,King,2.292682926829268,3.591463414634146,8.103658536585366,294.8672515910643,0.8997314511141069,0.7332089683653196,0.795839661064337,74.12388765091052,0.7861424342728991,-0.8066778233125089,-1.3867850404808415,1.2236930709786384,-1.4073204295204513,-2.6310135004990896
9398,9287800375,2014-10-03,685000.0,3,2.0,2210,5000,1.5,0,2,3,7,1710,500,2014-10-03,2014-10-03,98103,47.6754,-122.357,1920,5000,309.9547511312217,Seattle,WA,Washington,King,2.292682926829268,3.591463414634146,8.103658536585366,294.8672515910643,0.8997314511141069,0.7332089683653196,0.795839661064337,74.12388765091052,-0.32530031763016487,-0.8066778233125089,-1.3867850404808415,0.20354436360937525,-2.518763181423515,-2.7223075450328906
13253,2877104196,2014-12-06,760000.0,3,2.0,1780,1750,1.0,0,2,3,8,1400,380,2014-12-06,2014-12-06,98103,47.6797,-122.357,1780,3750,426.96629213483146,Seattle,WA,Washington,King,2.292682926829268,3.591463414634146,8.103658536585366,294.8672515910643,0.8997314511141069,0.7332089683653196,0.795839661064337,74.12388765091052,-0.32530031763016487,-0.8066778233125089,-0.1302505286639463,1.782138588924167,-1.26222866960662,-3.0443672585307873
18204,1930301015,2015-04-28,818000.0,3,3.25,2200,4800,2.0,0,2,3,7,1910,290,2015-04-28,2015-04-28,98103,47.6551,-122.353,1410,4800,371.8181818181818,Seattle,WA,Washington,King,2.292682926829268,3.591463414634146,8.103658536585366,294.8672515910643,0.8997314511141069,0.7332089683653196,0.795839661064337,74.12388765091052,-0.32530031763016487,-0.8066778233125089,-1.3867850404808415,1.0381394266517843,-2.518763181423515,-3.5569026080752995
